Empresa,Setor,Ticker ON,Ticker PN,Ticker Unit,Preço (R$),Market Cap (R$),P/L,P/VP,Dividend Yield (%),ROE (%),Margem Bruta (%),Margem Líquida (%),Crescimento Receita (%),Liquidez Corrente,Volume Médio 30d
AERIS IND. E COM. DE EQUIP. PARA GER. DE ENG. S.A.,"Máquinas, Equipamentos, Veículos e Peças",AERI3,,,2.14,131529587.36,-0.1459472814528863,-0.1329844371018947,19.34766355140187,91.1181323681071,0.1395431135942606,-120.80506054911086,-50.8068664094049,0.5215203598656375,48690.0
AFLUENTE TRANSMISSÃO DE ENERGIA ELETRICA S/A,Energia Elétrica,AFLT3,,,7.4,466826780.0,19.58987746537977,1.9158941968316507,9.090391891891892,9.780021341213166,76.73046803490429,48.471411427292885,-42.83305619832789,1.8461507227545884,156.66666666666666
AGROGALAXY PARTICIPAÇÕES S.A. - EM RECUPERAÇÃO JUDICIAL,Comércio (Atacado e Varejo),AGXY3,,,0.66,12370507.38,,,471.6384848484848,,,,,,103090.0
ALLIANÇA SAÚDE E PARTICIPAÇÕES S.A.,Serviços Médicos,AALR3,,,3.37,513324725.49,-0.3741894777782394,,2.590415430267062,,20.760253937988864,-118.894199726995,-5.190420315006183,,47006.66666666666
ALLIED TECNOLOGIA S.A.,Comércio (Atacado e Varejo),ALLD3,,,4.93,473090372.48,1.4219215792637474,0.3005301612897078,62.000811359026365,21.135494789052885,11.453869658577704,6.044231936082781,-0.3035653580146014,1.6638362683108625,471973.3333333333
ALLOS S.A.,Emp. Adm. Part. - Comércio (Atacado e Varejo),ALOS3,,,28.57,14289031369.85,15.11598136223372,1.1034886405055973,11.971718585929295,7.300145548357123,73.87512040476987,33.062537730325495,4.352723216762389,3.55785431464654,4730740.0
"ALLPARK EMPREENDIMENTOS, PARTICIPAÇÕES E SERVIÇOS S.A.",Serviços Transporte e Logística,ALPK3,,,4.41,964462149.0,68.4209810584563,2.5524865529360703,0.1737868480725623,3.730561172099129,30.44038517815985,0.7527550107124472,18.158666538785774,0.7338926948185435,125456.66666666669
ALPARGATAS SA,Têxtil e Vestuário,ALPA3,ALPA4,,14.24,8302057505.719999,14.618202909745282,2.2938105963589943,17.484950842696627,15.691467757844684,52.17331299834344,12.441219626215313,11.113155746972424,1.910967794732336,2308256.6666666665
ALPHAVILLE S.A.,"Construção Civil, Mat. Constr. e Decoração",AVLL3,,,5.64,44019872.88,-0.4172618451709526,-0.1982127162695196,0.0,47.50319698852687,35.20877069414718,-18.035278349528504,-13.829845218751702,0.8458498901526929,710.0
ALUPAR INVESTIMENTO S/A,Emp. Adm. Part. - Energia Elétrica,,,ALUP11,31.55,10399727622.3,6.000328654858404,0.7773241158939889,4.088748019017433,12.95469232780437,69.57381540163756,39.409711445256725,9.889273242274555,3.174300538751314,1096073.3333333333
AMBEV S.A.,Bebidas e Fumo,ABEV3,,,15.2,234330595164.8,14.65625775614158,2.636092383084796,5.56842105263158,17.986121880124305,51.42460489006954,18.11875114506941,-1.3528964686341571,1.0215209667154184,25682526.666666668
AMBIPAR PARTICIPAÇÕES E EMPREENDIMENTOS S.A.,"Saneamento, Serv. Água e Gás",AMBP3,,,0.2,333857906.0,,,6.034,,,,,,3241020.0
AMERICANAS S.A. - EM RECUPERAÇÃO JUDICIAL,Comércio (Atacado e Varejo),AMER3,,,5.03,1007233486.78,-3.7167287335055352,0.2424147982623345,1234.5190854870775,-6.522262334536704,27.01340918325884,-2.2023567655424623,-14.24489511464213,1.6977309562398704,1483873.3333333333
AMPLA ENERGIA E SERVIÇOS S.A.,Energia Elétrica,CBEE3,,,8.62,3906790388.66,-432.4541054527341,0.3927999227689989,4.85854988399072,-0.0908304298227851,17.628841510941122,-0.0925405494884507,11.676182544703265,0.6374064057788288,86.66666666666667
ANIMA HOLDING S/A,Educação,ANIM3,,,2.83,1069344380.15,4.166303859700387,0.3589449477733782,2.748586572438162,8.615428923592509,62.96430869421828,6.378835185651405,5.848351348287029,1.4944274365664727,7247856.666666667
"ARMAC LOCAÇÃO, LOGÍSTICA E SERVIÇOS S.A.",Serviços Transporte e Logística,ARML3,,,3.89,1346072046.05,18.24662870301338,0.8655704942747441,15.878020565552696,4.743728325725166,33.966130174593445,3.907865260200333,6.896383798356598,1.8918613519608405,1098506.6666666667
ATOM EDUCAÇÃO E EDITORA S.A.,Educação,ATED3,,,1.13,25979036.74,-6.595338090886012,1.5290780894643907,0.0,-23.18422601530312,91.89117702626108,-14.88380880408086,-22.98850574712644,3.782782782782783,11336.666666666666
AUREN ENERGIA S.A,Energia Elétrica,AURE3,,,12.51,13068384525.54,-23.425291553735157,1.0247422752984623,0.4558992805755396,-4.374512363902971,16.321953665764283,-4.2337180859427885,63.4867507259039,1.1248540952263144,2783033.333333333
AUTOMOB PARTICIPAÇÕES S.A.,Serviços Transporte e Logística,AMOB3,,,11.96,453117241.72,-1.5866838543990196,0.2426725644870704,0.0,-15.29432368107044,14.460687922343428,-2.2283736754217585,4.700706664819188,1.247273194682291,20383.33333333333
AXIA ENERGIA S.A.,Emp. Adm. Part. - Energia Elétrica,AXIA3,,,54.44,124903217191.04,19.04111436143861,1.0213843022676683,9.929068699485672,5.364099405527125,42.91789009320279,15.890032449326814,2.7376841989577683,2.052664869344294,11648683.333333334
AZEVEDO & TRAVASSOS ENERGIA S.A.,Petróleo e Gás,AZTE3,,,1.22,48814047.08,-4.953729153643191,0.1707160915866082,0.0,-3.446213676439216,59.13679081099895,-342.9864253393665,30.70973612374885,0.4605436625023542,1680840.0
AZEVEDO & TRAVASSOS SA,"Construção Civil, Mat. Constr. e Decoração",AZEV3,AZEV4,,1.14,336001680.12,-0.5434203288646938,0.811625707439382,704.8730701754387,-149.35505065388685,16.37423553417452,-176.9494057413995,130.1617726488295,0.8129606967014827,6534780.0
AZUL S.A.,Emp. Adm. Part. - Serviços Transporte e Logística,AZUL3,,,17.5,6449763670.0,51.65679147511573,-1.2511995796591335,0.0,-2.4221395559611274,27.79430576884625,0.5769673406578153,10.827422303398592,0.4225457879541023,103130.0
AZZAS 2154 S.A.,Têxtil e Vestuário,AZZA3,,,15.52,3137769874.88,3.443372640057767,0.3902533331459449,15.954909793814432,11.333462100674586,54.95515374095604,7.709713750810948,41.04821466694781,2.264219955325406,3227650.0
BARDELLA S.A. INDUSTRIAS MECANICAS - EM RECUPERAÇÃO JUDICIAL,"Máquinas, Equipamentos, Veículos e Peças",BDLL3,BDLL4,,3.06,6165031.28,-0.2970813068619892,-0.0236280518166487,381.6993464052287,7.953395676835812,10.586204027292396,-43.16858046263937,45.29408208910113,0.4046986290058687,640.0
BAUMER SA,Metalurgia e Siderurgia,BALM3,BALM4,,14.62,198676228.0,8.987434542658102,1.2326510317785306,85.90166894664844,13.715271314943728,63.23241113746848,10.3430044589176,9.950819503462194,2.6904930760329964,1003.3333333333334
BELORA RDVC CITY DESENVOLVIMENTO IMOBILIÁRIO S.A.,"Construção Civil, Mat. Constr. e Decoração",CCTY3,,,5.0,767320.0,-0.2240350364963503,,0.0,,,-inf,,,66.66666666666667
BEMOBI MOBILE TECH S.A.,Comunicação e Informática,BMOB3,,,27.31,2278409312.67,14.128618724001935,2.352285181066577,8.517184181618456,16.649081039114428,25.747653717533588,9.506091403772796,13.239879444483392,1.6915838049507854,541890.0
BICICLETAS MONARK SA,Brinquedos e Lazer,BMKS3,,,383.95,174601262.5,2.9569377879013685,0.8448843373319075,33.87372001562704,28.57294937989035,28.87401683455223,407.39616392990206,-3.783855549654802,9.605791117463342,30.8
BIOMA EDUCAÇÃO S.A.,Emp. Adm. Part. - Educação,BIED3,,,6.19,164859489.43,-2.677637925417012,5.084960039172142,1.836639741518578,-189.90469140371985,48.57202104927828,-18.50346964474084,-6.172313835186893,0.1915506569410248,2706.6666666666665
BIOMM SA,Farmacêutico e Higiene,BIOM3,,,5.98,818377854.32,-122.38340875130852,2.516552544357592,0.0,-2.0562857090142006,31.55303213157123,-2.483113565219329,88.44617053287149,1.5472355521101482,31320.0
BLAU FARMACÊUTICA S.A.,Farmacêutico e Higiene,BLAU3,,,10.29,2376835258.98,8.008933625970018,1.0261136431545017,7.236530612244898,12.812113211017175,40.10492357179529,17.43280885253721,-2.963674833673058,3.2259746992482894,237293.3333333333
BOA SAFRA SEMENTES S.A,Alimentos,SOJA3,,,7.7,1086176614.6,10.74039963017898,0.8030868823853866,5.703051948051948,7.477253268387034,10.290587000689442,3.8563675633461663,42.44116950526112,2.975282282268089,850076.6666666666
BOMBRIL S.A. - EM RECUPERAÇÃO JUDICIAL,Farmacêutico e Higiene,BOBR3,BOBR4,,1.41,173281049.01,2.547950961798612,,0.0,,40.321964033815824,3.9333423172642425,8.213052311135538,,25276.666666666668
BRADESPAR S/A,Emp. Adm. Part. - Extração Mineral,BRAP3,BRAP4,,20.59,7711627182.440001,14.098219140720266,0.9580124036354056,32.331593006313746,6.795272467203695,,inf,,5.6852343453722085,2054060.0
BRADSAÚDE S.A.,Serviços Médicos,SAUD3,,,13.15,38443599347.65,65.99340359093071,2.0549381140229928,3.1006235741444863,3.1138538129671454,35.960034030821944,24.07019538798897,6.091858993017696,1.065232599378721,6662973.333333333
BRASILAGRO CIA BRAS DE PROP AGRICOLAS,"Agricultura (Açúcar, Álcool e Cana)",AGRO3,,,17.8,1773155134.6,12.847181435889263,0.8687452675653206,12.971224719101125,6.762146793836318,28.85522181394401,11.775049034621556,10.692325780591162,1.4740073705034955,186766.66666666663
BRASKEM S.A.,Petroquímicos e Borracha,BRKM3,,,3.85,1738924310.2,-0.1586465021622115,-0.132874173622679,239.88041558441557,83.75487124627493,2.200319583692747,-15.499809098236634,-8.647349859839037,0.7710323412541775,99600.0
BRAVA ENERGIA S.A.,Petróleo e Gás,BRAV3,,,17.96,8343194111.92,5.912022612921398,0.6792761844308766,0.6882071269487751,11.489742663470896,26.69307753916354,12.141668181623816,33.19401982109152,1.255526688056946,3745256.6666666665
C&A MODAS S.A.,Têxtil e Vestuário,CEAB3,,,9.42,2788914618.66,4.75042816253809,0.7333237671382538,9.597335456475584,15.437003614142617,55.52397995830618,7.354253899369131,4.536335112018675,1.6713510280695356,9758886.666666666
CAMBUCI SA,Têxtil e Vestuário,CAMB3,,,7.81,326696775.13,4.776967029244042,1.02976733121515,15.157836107554418,21.556927751668223,48.891997849249066,17.850710739659952,-12.50804989335319,3.525805992962002,22836.666666666668
CAMIL ALIMENTOS S/A,Alimentos,CAML3,,,5.11,1742873995.5200002,8.031640386541998,0.5830751443558227,7.172015655577299,7.259726734439416,19.4891942298661,1.7695676379047471,9.007322629767843,1.8713797358866855,836496.6666666666
CENTRAIS ELETRICAS DE SANTA CATARINA S.A,Energia Elétrica,CLSC3,CLSC4,,162.77,5910925805.650001,8.102763974598867,1.397984144860978,15.542298949437855,17.253176190784778,16.73897311289251,6.130067907668696,11.64681995012975,1.272611503225548,4720.0
CIA CAT. DE ÁGUAS E SANEAMENTO - CASAN,"Saneamento, Serv. Água e Gás",CASN3,CASN4,,10.45,6196597130.9,16.009438175833658,2.119928324487465,0.7655502392344499,13.241740910605532,51.83034149401324,17.85228677379481,11.162268446121582,0.9129372646150714,0.0
CIA DE ELETRICIDADE DO ESTADO DA BAHIA - COELBA,Energia Elétrica,CEEB3,,,45.96,6985810109.64,3.5751331164994884,0.8401455333301263,13.778141862489122,23.4996993385448,29.260065288356916,10.631120783460284,11.198499606751769,1.2009661835748793,556.6666666666666
CIA DE PARTICIPAÇÕES ALIANÇA DA BAHIA,Emp. Adm. Part. - Sem Setor Principal,PEAB3,PEAB4,,38.0,697293857.3199999,20.68568801566347,0.7529471963942873,7.989726315789474,3.639942726701408,40.731707317073166,28.74722838137472,33.763774497501764,3.7089547156962888,450.0
CIA ENERG CEARA - COELCE,Energia Elétrica,COCE3,,,32.5,1735565780.0,4.405279993095991,0.3098510289859962,4.894618461538461,7.033628497430325,19.32543375439031,4.295178006539568,8.65117081248108,0.5624583129760835,50.0
CIA ENERG MINAS GERAIS - CEMIG,Energia Elétrica,CMIG3,CMIG4,,10.84,36299799449.59,7.408701424946073,1.2437336105786194,25.982435424354243,16.78747109973692,16.928886087465493,11.460748441163744,7.362358053642892,1.1676458149285005,16160500.0
CIA ESTADUAL DE DISTRIBUIÇÃO DE ENERGIA ELETRICA,Energia Elétrica,CEED3,CEED4,,20.0,651766350.0,-0.925037114098532,-0.1533080903712938,0.0,16.573182636103827,16.48547003942668,-11.296575180928077,16.800768091613683,1.2215028929823517,26.666666666666668
CIA FERRO LIGAS BAHIA FERBASA,Metalurgia e Siderurgia,FESA3,FESA4,,5.41,2367177716.0,12.546257690432276,0.7197298239181071,40.51900184842883,5.736609606440414,17.612084024786952,8.082232504902645,4.370269825600537,3.608279478112425,1465060.0
CIA SANEAMENTO BÁSICO ESTADO SÃO PAULO,"Saneamento, Serv. Água e Gás",SBSP3,,,26.75,94068868982.75,11.116546100984406,2.076104065702653,5.30116261682243,18.67580134011955,37.0165480723668,22.214763973059995,5.385384732922471,1.4708722928981188,21301100.0
CIA. DE SANEAMENTO DO PARANÁ - SANEPAR,"Saneamento, Serv. Água e Gás",SAPR3,SAPR4,SAPR11,6.56,10230861417.81,4.919705158864725,0.8452550458270595,16.36641768292683,17.18101021367124,56.27390546436188,28.859933217009196,5.220452208085047,1.8566955894727013,1365953.3333333333
CIA. DISTRIB. DE GÁS DO RIO DE JANEIRO,"Saneamento, Serv. Água e Gás",CEGR3,,,57.0,14103608724.0,22.921851163108187,6.0087205228379466,1.1425385964912282,26.21394092510619,33.15345506891832,12.799523209226276,-6.875730085024035,0.8161105960649517,130.0
CM HOSPITALAR S.A,Comércio (Atacado e Varejo),VVEO3,,,0.76,240115478.44,13.164947554142223,0.1317467018480659,17.963421052631578,1.000738524071166,14.43219226957966,0.1576823436062442,-0.1419707613612653,1.7222507254202897,821513.3333333334
COGNA EDUCAÇÃO S.A.,Emp. Adm. Part. - Educação,COGN3,,,2.11,4228907445.18,7.216134608308377,0.3076848124776816,8.989857819905215,4.263845246503928,68.79401219639593,8.3520471198346,9.796743432104035,1.8837638062871709,30797153.33333333
COMPANHIA  MELHORAMENTOS DE SÃO PAULO,Papel e Celulose,MSPA3,MSPA4,,34.0,236704379.0,-7.238223319674637,0.3047262972513346,0.750235294117647,-4.209959872653284,34.94192251441349,-18.466212286338664,8.56352913770062,0.7746018102159815,6.666666666666667
COMPANHIA BRASILEIRA DE ALUMINIO,Extração Mineral,CBAV3,,,11.16,7265971298.52,31.611245827873347,1.3731365538331752,0.3956362007168458,4.343822958797803,8.438174189254797,2.6153067365192304,7.525989922004239,2.0567024141700694,2071070.0
COMPANHIA BRASILEIRA DE DISTRIBUIÇÃO,Comércio (Atacado e Varejo),PCAR3,,,2.91,1433312122.11,-1.7586651805030675,3.5044306164058683,77.86666666666666,-199.2665036674817,27.56239208915398,-4.264113430649296,1.7189994678020293,0.5192443919716647,5051523.333333333
COMPANHIA CELG DE PARTICIPAÇÕES - CELGPAR,Emp. Adm. Part. - Energia Elétrica,GPAR3,,,10.51,837400036.02,inf,inf,14.423377735490009,,,,-100.0,,0.0
COMPANHIA DE FIACAO E TECIDOS CEDRO E CACHOEIRA,Têxtil e Vestuário,CEDO3,CEDO4,,5.49,74993241.87,-2.293722033032574,0.2940865314661731,32.42258652094718,-12.82136750796066,23.386950824893766,-3.944698214600269,-20.056675639988157,1.0260901675301382,1603.3333333333333
COMPANHIA DE GÁS DE SÃO PAULO - COMGÁS,"Emp. Adm. Part. - Saneamento, Serv. Água e Gás",CGAS3,,,124.99,12981807372.32,8.394433915206037,8.11874441668251,9.69155932474598,96.7158059577534,30.19817912862687,13.343651765511472,-24.95323991612356,2.344217570903911,66.66666666666667
COMPANHIA DE SANEAMENTO DE MINAS GERAIS,"Saneamento, Serv. Água e Gás",CSMG3,,,56.38,21378249023.4,15.100363500322093,2.414689043044058,4.329169918410784,15.99093321821394,42.4060555641588,16.995338641735664,5.739828073245956,1.214628555269598,3891046.6666666665
COMPANHIA PARANAENSE DE ENERGIA COPEL,Energia Elétrica,CPLE3,,,15.68,46563494082.56,17.323121574767878,1.9282267352659703,6.776779336734695,11.130942693807237,21.677567161989177,10.29197005948955,15.300933696807515,1.301821712425382,17801980.0
COMPASS GÁS E ENERGIA S.A.,"Emp. Adm. Part. - Saneamento, Serv. Água e Gás",PASS3,,,22.53,14124453302.7,9.676224956583754,1.7439732498967777,0.0,18.023281369767755,24.27740693463133,8.791268157085725,-9.679321311214306,2.229967508143614,1219486.6666666667
CONSERVAS ODERICH SA,Alimentos,ODER3,ODER4,,100.0,142851700.0,1.891098637789751,0.2343683041353988,0.446,12.393235310524052,28.811856317508163,9.122538790021837,12.96390275845134,3.920619503031338,0.0
CONSTRUTORA ADOLPHO LINDENBERG S.A.,"Construção Civil, Mat. Constr. e Decoração",CALI3,,CALI11,29.99,209594112.0,4.569107778165329,0.5116606539968509,3.9147282427475822,11.198261867272084,27.160338499072797,12.546565503509166,386.5187826850657,6.2931388763594445,0.0
CONSTRUTORA TENDA S/A,"Construção Civil, Mat. Constr. e Decoração",TEND3,,,28.52,3497786916.0,7.220402732277662,2.279246848739496,5.124596774193549,31.56675511395625,30.080852755398556,11.607616735463672,27.06697507399372,1.9636429911308608,3338453.333333333
COSAN S.A.,"Agricultura (Açúcar, Álcool e Cana)",CSAN3,,,3.74,14753787418.04,-1.4472441704068737,0.4623559439335983,12.071577540106952,-31.94733503770916,32.597888852942845,-25.22205620403044,-8.036601520857145,1.6686620599652624,34689630.0
CPFL ENERGIA SA,Emp. Adm. Part. - Energia Elétrica,CPFE3,,,43.9,50583969916.0,8.808620471765781,2.1366244193118624,8.500082004555809,24.25606173135024,31.83435366836024,12.943070399285247,4.080795323097086,0.924527972261972,1738943.3333333333
CRUZEIRO DO SUL EDUCACIONAL S.A.,Educação,CSED3,,,4.87,1775322228.24,5.980214063718984,1.059386626964283,14.307268993839834,17.71486130223022,50.93802094645481,10.467092403031678,10.42816560969837,1.4868677884322494,310676.6666666667
CSU DIGITAL S.A.,Emp. Adm. Part. - Sem Setor Principal,CSUD3,,,14.43,596736704.85,5.626884280676278,1.2150576945866371,16.307338877338875,21.593792123277908,41.353649950523554,17.00819047710692,9.846046519002403,1.198811762461505,43136.66666666666
CURY CONSTRUTORA E INCORPORADORA S.A.,"Construção Civil, Mat. Constr. e Decoração",CURY3,,,27.59,8499033118.46,7.860595548047576,4.148215073038855,18.076386371873863,52.77227466650658,39.75585173529621,20.02472856363938,37.51904459912743,1.9174398116631437,3862826.6666666665
CVC BRASIL OPERADORA E AGÊNCIA DE VIAGENS SA,Hospedagem e Turismo,CVCB3,,,1.47,765573924.36,-18.70218454525467,2.3708952303618718,24.864557823129253,-12.677103172759791,97.13139396691822,-2.750096910096319,4.767156802366057,0.6842818041466888,13164510.0
CYRELA BRAZIL REALTY S.A.EMPREEND E PART,"Construção Civil, Mat. Constr. e Decoração",CYRE3,CYRE4,,26.53,9573956418.67,3.996093385074644,0.7688994743824562,14.319856765925367,19.241278926420627,32.5778209228976,25.42399878431503,18.30106828186091,3.367981987129374,8499036.666666666
D1000 VAREJO FARMA PARTICIPAÇÕES S.A.,Comércio (Atacado e Varejo),DMVF3,,,5.93,300074853.06,13.298242989585642,0.3247429792497711,0.0,2.441999138563565,28.58328349142125,0.8461562979865117,23.42448666948991,1.0145269481580628,42363.333333333336
DESKTOP S.A,Telecomunicações,DESK3,,,19.14,2225299371.9,27.55003988832902,1.5170620077199546,0.9706060606060604,5.506569187809507,61.71702855942364,6.628632297318035,7.946639122215515,1.409217923371732,581813.3333333334
DEXCO S.A.,"Construção Civil, Mat. Constr. e Decoração",DXCO3,,,5.67,5147626710.24,81.62414509220645,0.6952251008831538,0.8458201058201059,0.8517395191065034,24.36453417438177,0.7645398964594887,0.1712884596024588,1.984453851620678,1582070.0
DEXXOS PARTICIPAÇÕES S.A.,Emp. Adm. Part. - Sem Setor Principal,DEXP3,DEXP4,,7.39,882821848.38,6.14551626753357,0.810064302887549,26.404438430311234,13.18138733383678,15.83290746845324,6.722721716488178,18.031102621860207,3.62920149327695,70480.0
DIAGNOSTICOS DA AMERICA SA,Serviços Médicos,DASA3,,,3.67,4586863889.91,-4.041204318067283,0.6680699255488473,15.98482288828338,-16.53145629291898,30.377726344052235,-10.161031486714576,-27.096303314974424,1.2682122907630595,1050703.3333333333
DIMED SA DISTRIBUIDORA DE MEDICAMENTOS,Comércio (Atacado e Varejo),PNVL3,,,12.2,1822382637.2,14.625276972834154,1.383717803008157,4.068639344262295,9.46113913314842,32.374452070873666,2.2605648137431023,11.525753764014768,1.7483950407880462,767960.0
DIRECIONAL ENGENHARIA SA,"Construção Civil, Mat. Constr. e Decoração",DIRR3,,,9.7,5033317293.0,5.137652744944329,1.838895202733362,27.216494845360828,35.792516427719136,39.65954011597492,22.55791377773193,29.70126654860279,4.174761391100127,10207373.333333334
DOHLER S.A.,Têxtil e Vestuário,DOHL3,DOHL4,,3.66,427325366.04,41.7228437844171,0.6224922481372227,2.467213114754098,1.4919698459521469,19.46502830380974,1.6438197865056552,-0.7180109852812477,4.102696142744686,4523.333333333333
DOTZ S.A.,Comunicação e Informática,DOTZ3,,,10.4,137738172.0,-293.6848017057569,-0.6338122282196055,0.0,0.2158137651449265,73.17658682011994,-0.2032273719970881,49.838977768543536,1.1755795733054764,95556.66666666669
DTCOM - DIRECT TO COMPANY S.A.,Telecomunicações,DTCY3,,,2.0,21360952.0,-70.49819141914192,-106.27339303482589,0.0,150.7462686567164,29.753521126760564,-3.8103621730382295,34.48334178927786,1.0689900426742531,620.0
ECONOMATICA S.A.,Comunicação e Informática,ECOM3,,,1.2,47695239.6,-0.5546861070406811,0.4821450987131405,0.1184166666666666,-86.92215157243513,11.403626595030222,-384.98321020819344,-49.25593547654209,3.504903964037597,18413.33333333333
ECORODOVIAS INFRAESTRUTURA E LOGÍSTICA S.A.,Serviços Transporte e Logística,ECOR3,,,8.66,6024079817.16,6.949647812066662,1.3694467424717232,7.05688221709007,19.705268230916037,38.75632070033755,7.523761024689281,16.70015068313877,2.525311679829658,7616336.666666667
ELECTRO AÇO ALTONA S/A,Metalurgia e Siderurgia,EALT3,EALT4,,11.09,264291000.0,2.902956877045759,0.7010073843019925,26.17271415689811,24.148046767245955,20.09858754725261,16.37287026080201,-1.4504517597184186,1.4927550691041405,5700.0
ELEKTRO REDES S.A.,Energia Elétrica,EKTR3,EKTR4,,36.73,8475697379.33,8.847283276962422,3.889718852377237,14.005918867410836,43.96512161541992,27.753833817780897,9.602084795028569,6.957547169811318,1.5,210.0
EMAE - EMPRESA METROP.AGUAS ENERGIA S.A.,Energia Elétrica,EMAE3,EMAE4,,35.15,2987598255.0,-22.40317837217673,4.44880322566715,15.932532005689904,-19.85791101494897,46.92010711941466,-27.965968405225112,-23.257876169999104,3.570688788335848,1946.6666666666667
EMBRAER S.A.,"Máquinas, Equipamentos, Veículos e Peças",EMBJ3,,,100.44,71496500594.04,35.891150914385626,3.6053480868728696,1.2183283552369577,10.04522840594616,17.568710190812865,4.7561680647678735,18.233480899230003,1.4389213560482497,4821846.666666667
EMPREENDIMENTOS PAGUE MENOS SA,Comércio (Atacado e Varejo),PGMN3,,,3.36,2415386074.08,9.256835450427316,0.7050202771352205,15.101160714285715,7.616212699369903,31.95331356691801,1.7504527744371237,17.91358447059661,1.7844052575163547,5797296.666666667
ENERGISA MATO GROSSO-DISTRIBUIDORA DE ENERGIA S/A,Energia Elétrica,ENMT3,ENMT4,,39.06,8492958913.620001,9.747691512844913,2.1341596899988016,19.78272401433692,21.894001130283375,25.78796185180596,9.700139020492802,9.34508445392581,2.040999605647298,1860.0
ENERGISA SA,Emp. Adm. Part. - Energia Elétrica,ENGI3,ENGI4,ENGI11,9.63,38933937847.25,12.399058953823353,1.6939991438729425,8.500539979231569,13.662320263027572,25.387408319315576,8.859910060431384,5.118945970093969,1.5569000005802234,11033.333333333332
ENEVA S.A.,Energia Elétrica,ENEV3,,,26.75,51369812060.5,30.367049567872407,2.335244300564725,6.1569682242990655,7.690059896485156,29.34703825835456,9.185625847358414,61.72160626932766,1.2788214065549188,10607040.0
ENGIE BRASIL ENERGIA S.A.,Energia Elétrica,EGIE3,,,28.87,40890934482.4,14.307940316852928,2.5407064172030416,6.02791825424316,17.75731769170447,46.70704486560148,22.223190766772355,14.63137003744217,1.0905181006332418,3353866.6666666665
ENJOEI S.A.,Comércio (Atacado e Varejo),ENJU3,,,0.75,153763492.5,-9.159131075768403,0.7390592421161916,26.888133333333336,-8.069097777970038,55.71896167659226,-6.359958176114924,-0.4739443709208535,1.747066883182787,650553.3333333334
EQUATORIAL S.A.,Energia Elétrica,EQTL3,,,39.12,49146405574.32,19.627699634822207,1.7115044766452925,6.06489519427403,8.719842408882448,26.1307124787734,4.808427285243075,14.784263999951497,1.5706456349558162,9964223.333333334
ETERNIT S.A.,"Construção Civil, Mat. Constr. e Decoração",ETER3,,,3.56,219883360.84,4.489706193772333,0.2604191666429796,4.795421348314607,5.800360990307269,20.607930695100872,4.258088411739544,-0.9974590101846204,1.4491863583320668,70716.66666666667
EUCATEX S.A. INDUSTRIA E COMERCIO,"Construção Civil, Mat. Constr. e Decoração",EUCA3,EUCA4,,21.62,1974144142.12,6.186677808935243,0.6536424969439313,16.427701202590196,10.565323055936322,37.1921480601446,10.279320106743912,8.623494432273127,2.216798459549296,69033.33333333334
EVEN CONSTRUTORA E INCORPORADORA S/A,"Construção Civil, Mat. Constr. e Decoração",EVEN3,,,4.77,946383893.64,3.1646131563741418,0.4106296458649532,19.20939203354298,12.975666395049451,27.11324577908061,15.57354041672547,-10.98761780973554,4.665268483842614,1202006.6666666667
EXCELSIOR ALIMENTOS SA.,Alimentos,BAUH3,BAUH4,,93.39,221828613.27,9.795920215058512,1.4460136321680237,2.4857479387514725,14.761386377414327,24.923638005347104,7.987147200530479,14.70520408947651,2.0590868397493285,3.333333333333333
EZ TEC EMPREEND. E PARTICIPAÇÕES S/A,"Emp. Adm. Part. - Const. Civil, Mat. Const. e Decoração",EZTC3,,,13.38,3711063781.26,6.777022765474484,0.6982062149369537,9.19178624813154,10.302550826506922,41.70988949988724,36.53502550669793,-3.9549745889406296,3.0637435923226417,3492076.6666666665
FASA S.A. - EM RECUPERAÇÃO JUDICIAL,Emp. Adm. Part. - Alimentos,FASA3,,,0.27,11842795.35,-0.5056701686592656,,144.20925925925923,,-3.583104146126304,-30.38243993565461,inf,,101476.66666666669
FERTILIZANTES HERINGER S.A.,Petroquímicos e Borracha,FHER3,,,2.83,152416113.72,-0.8848951691225136,-0.1135673390721992,13.074204946996463,12.83398791574552,0.1512905486755056,-4.2063901024966,-11.149064441485711,0.5929359634026565,8863.333333333334
FLEURY SA,Serviços Médicos,FLRY3,,,21.44,11655345899.52,19.53395740620878,2.112098622477789,7.508819962686567,10.812446134475891,26.6070265976552,7.196452809744136,7.892646895587685,1.8610111937101037,3846646.6666666665
FRASLE MOBILITY S.A.,"Máquinas, Equipamentos, Veículos e Peças",FRAS3,,,22.55,6253906302.05,22.085654005247807,2.462931926144804,2.753152993348115,11.151727386291494,32.70717360684393,5.157025889120101,38.45658453730114,2.406139083159737,179636.66666666666
GAFISA SA,"Construção Civil, Mat. Constr. e Decoração",GFSA3,,,0.23,36194484.75,-0.0664667794509227,0.0236065818591646,30294.68260869565,-35.51636178881673,-32.117083970746755,-87.87429884523279,-38.78690415981792,1.3123946045854793,4478146.666666667
GENERAL SHOPPING E OUTLETS DO BRASIL BRASIL S.A.,Comércio (Atacado e Varejo),GSHP3,,,2.77,5194686.26,0.2343115137573297,-0.0029824111853776,3989.4101083032488,-1.2728402192247674,67.56647335019376,11.656825578766384,5.372537286971157,0.4727677408243206,250.0
GERDAU S.A.,Metalurgia e Siderurgia,GGBR3,GGBR4,,25.09,46504817258.990005,32.78593583857032,0.8654514813950557,6.29732961339179,2.6397034559462345,11.405182404920849,2.030443468236636,4.224999677740149,2.8699099046754286,9754670.0
GPS PARTICIPAÇÕES E EMPREENDIMENTOS S/A,Emp. Adm. Part. - Sem Setor Principal,GGPS3,,,12.13,9126011407.31,13.147163347192151,2.016742389947239,5.088136850783182,15.33975304549598,14.628529425668074,4.016297020700903,16.980691358121614,2.8703186070517237,3049586.6666666665
GRAZZIOTIN SA,Comércio (Atacado e Varejo),CGRA3,CGRA4,,23.16,592221164.1,7.062443075547075,0.6369154306123612,47.26417530224525,9.018344272644264,53.65010103179985,11.258500432993428,2.22662340514308,2.8257736021237765,6853.333333333333
GRENDENE SA,Têxtil e Vestuário,GRND3,,,3.78,3410164800.0,5.288651505564447,1.0619579877335767,39.36925925925927,20.07993883915851,45.23690952548445,24.9505773425411,-1.6829999467393053,3.364306739279817,2955443.333333333
GRUPO CASAS BAHIA S.A.,Comércio (Atacado e Varejo),BHIA3,,,1.04,1054302089.36,-0.3528454114323963,-0.1274851377702539,81.96105769230769,36.130592503022974,30.513408911874507,-10.233928143302396,7.318238623832984,0.6357086412866638,13326446.666666666
GRUPO MATEUS S.A.,Emp. Adm. Part. - Comércio (Atacado e Varejo),GMAT3,,,4.85,11157362939.4,6.00732514439025,0.9037784632474976,5.140701030927835,15.044607067614152,22.400350631342278,4.833628774922021,19.75655428377019,1.7401040984644998,5168466.666666667
GRUPO SBF S.A.,Comércio (Atacado e Varejo),SBFG3,,,7.69,1773806113.86,5.408440143488734,0.5537015321977986,14.190078023407022,10.237730611928924,48.27926068579844,4.239303149922321,8.175648522857593,1.6234714465478788,2837943.333333333
GRUPO TOKY S.A. - EM RECUPERAÇÃO JUDICIAL,Comércio (Atacado e Varejo),TOKY3,,,9.7,26285418.9,-0.178951151913729,-0.2709669391584025,0.0,151.4194998247531,52.504551811762944,-10.164917105469856,78.13539744353098,0.5813576458524129,13605.666666666666
GUARARAPES CONFECÇÕES SA,Têxtil e Vestuário,RIAA3,,,6.9,3464234969.1000004,2.3483664024029807,0.641165348011273,48.8775652173913,27.302611183467647,60.80543993043376,14.0531726735312,8.955993990994804,1.6072102153665262,1528503.3333333333
HAPVIDA PARTICIPAÇÕES E INVESTIMENTOS S.A.,Serviços Médicos,HAPV3,,,6.23,2959797803.9,-20.81886911985032,0.0615810184827248,15.04261637239165,-0.295794253416045,11.791844379052762,-0.450226175561892,9.20826494539213,1.834836431907776,9450206.666666666
HBR REALTY EMPREENDIMENTOS IMOBILIÁRIOS S.A.,"Construção Civil, Mat. Constr. e Decoração",HBRE3,,,2.57,264674266.72,2.7335887828305254,0.1009933825998994,18.89474708171206,3.694534570606657,39.26377373227589,18.179035988944968,226.78946141291675,0.8074086139609825,547396.6666666666
HELBOR EMPREENDIMENTOS S/A,"Construção Civil, Mat. Constr. e Decoração",HBOR3,,,2.07,274675776.84,2.984697883687573,0.0970330000784245,0.9736231884057972,3.251015809966701,31.01805820665649,8.155170488682826,-11.171023382053813,2.551355958816536,575796.6666666666
HERCULES S/A - FABRICA DE TALHERES,Metalurgia e Siderurgia,HETA3,HETA4,,6.35,18586394.35,19.70985615058325,-0.0531731088987111,0.0,-0.2697792844984193,100.0,19.970351545955104,14.667314230208838,0.2044635193133047,56.66666666666666
HIDROVIAS DO BRASIL S.A.,Serviços Transporte e Logística,HBSA3,,,3.4,4625300986.2,-32.822641438283256,2.212587337074475,0.0,-6.741039843593411,40.51842421954586,-6.287897143321201,65.71199772849276,3.2574067387544896,1634550.0
HOSPITAL MATER DEI S.A.,Serviços Médicos,MATD3,,,4.97,1641219368.25,14.66474291656242,1.0888558578387142,4.534869215291751,7.424991109860889,29.946282900861267,5.1448890605139095,-2.278345786906655,2.869002930287109,177210.0
HOTEIS OTHON S.A. - EM RECUPERAÇÃO JUDICIAL,Hospedagem e Turismo,,HOOT4,,7.13,56287742.22,1.839709184860766,-1.3560043897855938,0.0,-73.70754035172247,65.72650812064965,15.845624792840573,18.653254103347194,0.8965307529090589,4013.3333333333335
HYPERA S/A,Farmacêutico e Higiene,HYPE3,,,24.63,17339420371.649998,14.569325395544356,1.2015290260138345,4.486902151847341,8.246977765911454,59.039022064363664,15.4579520848841,3.449004671301159,1.857848504726606,3024946.6666666665
IGUATEMI S.A.,Emp. Adm. Part. - Comércio (Atacado e Varejo),IGTI3,IGTI4,IGTI11,11.89,7697775252.72,13.213340839169485,1.5590885592855772,2.432901597981497,11.799351717801995,75.0337125958329,39.182342603372405,20.260364218725343,2.73363989185667,50433.333333333336
INEPAR S.A. INDUSTRIA E CONSTRUCOES EM RECUPERACAO JUDICIAL,"Máquinas, Equipamentos, Veículos e Peças",INEP3,,,1.22,50962113.28,-0.0992977997564421,-0.0282406949937464,42.36270491803278,28.44040357693248,-46.16330924188836,-7892.126710748885,47.72830531576555,0.1297221395997053,50550.0
INFRACOMMERCE CXAAS S.A.,Comércio (Atacado e Varejo),IFCM3,,IFCM11,1.39,38775667.96,-0.1134149613328185,0.2891246846712498,0.0,-254.9264058934936,23.379509968941694,-48.156855011937374,-33.35758269815642,1.685664387674712,68426.66666666667
INTELBRAS S.A. IND. DE TELECOMUNICAÇÃO ELETRÔNICA BRASILEIRA,Comércio (Atacado e Varejo),INTB3,,,13.93,4558050762.3,9.422658289386916,1.3707755478680437,9.069167264895906,14.547652114393223,30.10015516618655,10.845109798965517,-6.218627434902125,2.6428805454335964,1063576.6666666667
INTERNATIONAL MEAL COMPANY ALIMENTAÇÃO S.A.,Alimentos,MEAL3,,,1.01,289543305.4,-1.9436610909725576,0.3849495989544763,1.6966336633663364,-19.805386892930883,33.23165620024305,-8.612569652497777,-22.26200278294136,0.6725035605897458,269746.6666666667
IOCHPE MAXION SA,"Máquinas, Equipamentos, Veículos e Peças",MYPK3,,,9.34,1398849689.16,6.44233371632264,0.2985801913039581,5.3721520342612425,4.63465887443023,12.044171045174329,1.4130314461872575,0.2264833258793341,1.731057832622947,687453.3333333334
IRANI PAPEL E EMBALAGEM S.A.,Embalagens,RANI3,,,7.79,1786004879.01,7.3786609337327,1.2462606205816658,6.573337612323492,16.890064901670584,41.52508048633971,14.35381729704663,3.6154890719951815,2.096091488759766,593336.6666666666
ISA ENERGIA BRASIL S.A.,Energia Elétrica,ISAE3,ISAE4,,26.79,20986418004.36,8.357742986147036,0.9335206092326134,13.81552071668533,11.169529988896814,39.34815425910087,26.681268490693967,18.13289791442527,5.278488967010429,2990256.666666667
JALLES MACHADO S.A.,"Agricultura (Açúcar, Álcool e Cana)",JALL3,,,2.34,705621533.76,-12.611644928686326,0.3644430604845457,0.3423931623931624,-2.889734547280086,27.326532104943254,-2.3931621006958776,22.433973212228352,5.38256909202319,1182226.6666666667
JHSF PARTICIPAÇÕES SA,"Emp. Adm. Part. - Const. Civil, Mat. Const. e Decoração",JHSF3,,,11.36,7470112844.16,3.9978340544810393,0.94581521001845,6.559700704225352,23.658190838569634,63.43980786067369,53.70691969456838,116.37356780413116,1.7336251168778691,4033630.0
JOAO FORTES ENGENHARIA SA - EM RECUPERAÇÃO JUDICIAL,"Construção Civil, Mat. Constr. e Decoração",JFEN3,,,2.46,31494752.7,-0.1408493184440489,-0.1015105111502896,3773.07024390244,72.07028920811833,-33.680811544506355,-127.79311330190026,4.785488430029217,0.9573950059609856,19590.0
JOSAPAR-JOAQUIM OLIVEIRA S.A. - PARTICIP,Emp. Adm. Part. - Alimentos,JOPA3,JOPA4,,18.0,189437398.7,11.281407735826583,0.2453534499417173,3.72685,2.174847817640202,24.43602847741284,0.931786275129985,-18.537450406130677,2.383022885657748,13.333333333333334
JSL S.A.,Serviços Transporte e Logística,JSLG3,,,6.55,1869166406.35,22.87729372307353,1.5803295707111271,29.183618320610687,6.907851906964161,15.787728325848327,0.8474984150377238,6.45244426561169,1.3747515357591171,955703.3333333334
KARSTEN SA,Têxtil e Vestuário,CTKA3,CTKA4,,33.15,225454032.69,3.196161452388041,2.365729618992655,18.47830769230769,74.01783840503673,45.33185426816576,9.29321061659627,8.57607955553268,1.8656593103300916,456.6666666666666
KEPLER WEBER SA,Emp. Adm. Part. - Metalurgia e Siderurgia,KEPL3,,KEPL11,6.53,1131372461.03,7.239857048889742,1.4183482886134473,12.813062787136294,19.590832789039062,24.304569549755083,10.48580822653157,-7.279115185308004,2.0355197132616487,1290983.3333333333
KLABIN S.A.,Papel e Celulose,,,KLBN11,18.31,22245479917.76,13.255472594185116,1.3926182942687653,10.323233205898417,10.5059875034533,35.390300870534794,8.108276035369864,5.356217152388476,2.0022693419269846,5016436.666666667
LAVVI EMPREENDIMENTOS IMOBILIÁRIOS S.A,"Construção Civil, Mat. Constr. e Decoração",LAVV3,,,10.07,1965506424.64,4.234508545772616,1.1440479576817142,30.666861966236347,27.01725466639659,34.932990726684146,26.35202265473221,13.689997863549896,4.123294647953285,536133.3333333334
LIGHT S.A. - EM RECUPERAÇÃO JUDICIAL,Emp. Adm. Part. - Energia Elétrica,LIGT3,,,3.5,5637389334.5,26.454817496891057,0.6055260435016301,14.664257142857142,2.2889065236333264,16.842628334389584,1.4209698189864692,0.8077622615810576,1.1591321923486233,3139390.0
LOCALIZA RENT A CAR SA,Serviços Transporte e Logística,RENT3,RENT4,,37.25,41976854416.68,22.44187525952301,1.5488159089068607,10.048671140939597,6.901454940801502,26.63846812141271,4.476780537877115,12.100460088091848,1.1398643012203602,10560306.666666666
LOG COMMERCIAL PROPERTIES E PARTICIPAÇÕES,"Construção Civil, Mat. Constr. e Decoração",LOGG3,,,24.26,2111814052.94,5.809891035528191,0.5955710802613975,28.338301731244847,10.250985373381496,97.1804035230886,146.1197383813249,13.205031354952634,1.2457407377433922,503133.3333333333
LOG-IN LOGISTICA INTERMODAL SA,Serviços Transporte e Logística,LOGN3,,,27.99,2969395114.86,31.69890701745396,2.460436584334349,3.603108252947482,7.761897225603365,16.934629525768056,3.0403852745061384,10.20360861248264,1.4224361873250482,15733.333333333334
LOJAS QUERO QUERO S.A.,Comércio (Atacado e Varejo),LJQQ3,,,1.28,264854096.64,-1.635497475253333,0.9058743138582774,22.63421875,-55.38830402156143,32.43103960246908,-5.807642486117547,4.5786530549481785,1.7659819655378524,2047553.3333333333
LOJAS RENNER SA,Comércio (Atacado e Varejo),LREN3,,,11.16,10578102980.4,7.257374952763716,1.0202858181073216,10.216612903225808,14.05860693085427,61.70698179217737,9.20793255107881,9.64989388603752,1.6933994869833398,16782310.0
LPS BRASIL CONSULTORIA DE IMOVEIS S/A,"Emp. Adm. Part. - Const. Civil, Mat. Const. e Decoração",LPSB3,,,1.25,171609705.0,3.294484641965828,0.7341026359467506,17.7708,22.2827760856918,77.04171548405517,25.642666561647747,5.609624222762899,1.573636046990279,179293.33333333334
LUPATECH S.A.,"Máquinas, Equipamentos, Veículos e Peças",LUPA3,,,3.78,17886241.8,-0.2972321490295134,-0.6044691382223725,0.0,203.36600202771209,15.59726437929842,-115.60302762515848,-57.7233263216029,0.9649641461538804,13840.0
LWSA S/A,Comunicação e Informática,LWSA3,,,3.94,2227757187.64,-9.881380295586604,0.9352253087629416,8.866522842639595,-9.464520955444335,48.30917192856582,-15.145804823681871,8.64936001494856,1.1803774043972806,3173053.333333333
M. DIAS BRANCO SA IND E COM DE ALIMENTOS,Alimentos,MDIA3,,,16.34,5483246741.44,8.310253814982032,0.646147000894525,6.648304773561812,7.775298026753736,32.16287005338801,6.321570928344474,8.017472722544206,2.553091919915982,800420.0
MAGAZINE LUIZA SA,Comércio (Atacado e Varejo),MGLU3,,,6.6,5119506763.8,25.02166030703362,0.4584618005690668,5.635984848484848,1.832259709960944,29.85410811720432,0.5286436559156954,1.749087256482107,1.0990174581806544,28492826.666666668
MAHLE METAL LEVE S.A.,"Máquinas, Equipamentos, Veículos e Peças",LEVE3,,,34.16,4630012240.0,7.605694629703855,4.790949826574283,13.929165690866514,62.99161430782858,27.24685860940222,11.259326884769624,18.620134357763757,1.4258327363737684,202980.0
MANGELS INDUSTRIAL S.A.,Emp. Adm. Part. - Metalurgia e Siderurgia,MGEL3,MGEL4,,5.97,22184334.93,0.4619619118320769,0.3638744719274361,16.331675041876046,78.76720192891237,12.71511684756038,4.515009289136599,12.190439623728167,0.4957919228752562,5383.333333333333
MANUFATURA DE  BRINQUEDOS ESTRELA SA,Brinquedos e Lazer,,ESTR4,,1.87,10077430.0,0.0708989151388087,,0.0,,37.71633180823552,94.24971818844904,-2.359278490683314,,800.0
MARCOPOLO SA,"Máquinas, Equipamentos, Veículos e Peças",POMO3,POMO4,,4.19,5102234834.83,4.129665558482826,1.186936399195656,51.26926014319809,28.74170758834325,25.550987971579065,13.640645349050317,5.395855192505983,1.9433869034385716,17177886.666666668
MELIUZ S.A.,Comunicação e Informática,CASH3,,,5.31,553152534.12,-485.2215211578948,1.269012815376286,1.1465348399246706,-0.2615326732309838,4.235947536309984,-0.2477162301935663,26.077070171881942,2.68220580579588,1603930.0
MELNICK DESENVOLVIMENTO IMOBILIÁRIO S.A.,"Emp. Adm. Part. - Const. Civil, Mat. Const. e Decoração",MELK3,,,3.02,613163942.36,4.086234088340353,0.5022122080781308,26.38519867549669,12.29034355890529,24.379499195816997,13.430437946339469,8.580338817017052,2.393453812036219,434143.3333333333
METALFRIO SOLUTIONS S/A,"Máquinas, Equipamentos, Veículos e Peças",FRIO3,,,205.0,1308387285.0,59.64566397702407,2.659161605999634,11.400172195121952,4.45826473995488,17.61793447116191,0.9129041346616832,9.76610393715751,1.1140429403286072,0.0
METALURGICA GERDAU SA,Emp. Adm. Part. - Metalurgia e Siderurgia,GOAU3,GOAU4,,11.2,14249414931.36,10.079347122465204,0.2648741970889186,6.830428571428572,2.6278904166179338,11.405182404920849,2.023695545162615,4.224999677740149,2.8754987431336776,9629080.0
METALURGICA RIOSULENSE SA,"Máquinas, Equipamentos, Veículos e Peças",RSUL3,RSUL4,,39.4,98311865.0,1.525444777184707,0.3267271243839295,12.067304568527918,21.418482613767413,42.01303334443229,15.327974123578938,10.42883556750851,2.9655687829285617,10420.0
METISA METALÚRGICA  TIMBOENSE SA,Metalurgia e Siderurgia,MTSA3,MTSA4,,45.15,513908990.0,12.6316477830236,1.1000239973989114,17.209302325581397,8.708475855994791,22.533130538411257,7.638763610429095,5.057183651110941,4.70774338510656,1306.6666666666667
"MILLS LOCAÇÃO, SERVIÇOS E LOGÍSTICA S.A.",Serviços Transporte e Logística,MILS3,,,15.92,3627097236.72,12.03963724957927,1.919849738453289,11.29560929648241,15.946076270033627,62.741214526875375,16.392276782192088,16.657938752257362,2.975672306863784,647560.0
MINASMAQUINAS SA,"Máquinas, Equipamentos, Veículos e Peças",MMAQ3,MMAQ4,,2550.01,93646567.24,2.279059801411536,0.3615474227074776,111.90539723373634,15.863884856533955,8.759850379640898,3.2813303562587244,-4.627802458341557,1.533795472856904,0.0
MINERVA S/A,Alimentos,BEEF3,,,4.01,3976786545.43,4.688169364852757,1.8222822253244384,4.880274314214464,38.869803616441466,17.349621572628976,1.5470707388456466,60.93894055645996,1.4314610558659608,21443154.33333333
MINUPAR PARTICIPACOES SA,Emp. Adm. Part. - Alimentos,MNPR3,,,3.8,269803800.0,0.5227246395905059,1.193251897323403,3.4195526315789477,228.275425902666,27.283290248061164,118.289468859432,22.952593494285512,3.3159299395474124,16023.333333333334
MITRE REALTY EMPREENDIMENTOS E PARTICIPAÇÕES S.A.,"Construção Civil, Mat. Constr. e Decoração",MTRE3,,,3.33,352230150.6,4.509065372010856,0.3280205908894073,11.923963963963963,7.27469140113894,25.7651736049232,7.404893622668553,-10.55706192271234,2.7390663059327247,631780.0
MOTIVA INFRAESTRUTURA DE MOBILIDADE S.A.,Emp. Adm. Part. - Serviços Transporte e Logística,MOTV3,,,16.49,33143900409.18,9.460233706259771,1.8360237319510304,5.648114008489995,19.40780522933747,47.44105042559551,18.585555030079878,-13.46480968349356,1.7655613728912158,14737190.0
MOURA DUBEUX ENGENHARIA S/A,"Construção Civil, Mat. Constr. e Decoração",MDNE3,,,24.0,2481945456.0,5.906960837559767,1.0829715157396482,22.16225416666667,18.333819124946764,34.90800351982106,17.827070546615992,50.12114464492263,2.383609384293301,1222496.6666666667
MOVIDA PARTICIPAÇÕES S.A.,Serviços Transporte e Logística,MOVI3,,,8.94,3585264325.32,11.261525566081591,0.9189434557774726,10.148232662192395,8.160026369297812,32.45788217518829,2.1698666049075337,8.832877021230189,0.6854985397602584,6087613.333333333
MPM CORPÓREOS S.A.,Serviços Médicos,ESPA3,,,7.05,251815185.3,19.13780098039216,0.2921381357652733,5.421021276595744,1.5264979297495398,34.102480820871286,1.203859156347068,6.138646359239086,1.5462185266792785,60493.333333333336
MRV ENGENHARIA E PARTICIPAÇÕES S/A,"Construção Civil, Mat. Constr. e Decoração",MRVE3,,,5.21,2932367343.83,-2.8122720770515888,0.5637472390669421,10.70953934740883,-20.04597078878584,29.33912304850179,-9.560622014781268,21.05887034515905,1.8911737070856105,12561593.333333334
MULTIPLAN - EMPREEND IMOBILIARIOS S.A.,"Emp. Adm. Part. - Const. Civil, Mat. Const. e Decoração",MULT3,,,30.27,14808138122.76,12.975560751187531,2.191870368649086,3.7090254377271226,16.89229784114328,81.99977218644787,41.66479864421729,7.6349355486839965,1.6380554658338229,4287226.666666667
MUNDIAL S.A - PRODUTOS DE CONSUMO,Têxtil e Vestuário,MNDL3,,,18.9,187449746.4,-8.532077669549384,1.7264381299734746,7.338068783068784,-20.234674329501917,38.24211266057351,-2.156356983573605,5.03804202148499,0.750964504402702,273.3333333333333
NATURA COSMETICOS SA,Farmacêutico e Higiene,NATU3,,,6.71,9215063081.29,-5.161812084041455,0.7321956566983326,4.813576751117735,-14.184856883148251,66.60860078828829,-8.180351371879691,2.594579246111484,1.680342796768039,7279800.0
NEXPE PARTICIPAÇÕES S.A. - EM RECUPERAÇÃO JUDICIAL,"Emp. Adm. Part. - Const. Civil, Mat. Const. e Decoração",NEXP3,,,2.3,6107808.699999999,0.056790410971641,-0.0519968390584429,12837.78434782609,-91.55918784318732,98.63429438543248,16320.182094081943,-99.42349246341058,0.0215678432156784,630.0
NUTRIPLANT INDUSTRIA E COMÉRCIO S/A,"Agricultura (Açúcar, Álcool e Cana)",NUTR3,,,2.44,32289496.0,5.995079093947271,0.6321852925052862,0.0,10.545070091628162,13.83074218027022,2.4921339996298357,7.915932230472311,1.6193919747314174,3543.333333333333
OCEANPACT SERVIÇOS MARÍTIMOS S.A.,Petróleo e Gás,OPCT3,,,8.33,3952638212.04,37.4746452907324,3.820952891584434,1.1667707082833134,10.196101555974884,26.889096436271885,4.942788309011082,23.98867440841621,2.2205272689102835,1180586.6666666667
ONCOCLÍNICAS DO BRASIL SERVIÇOS MÉDICOS S.A.,Serviços Médicos,ONCO3,,,1.02,1148898199.68,-0.3129568818560723,11.694572582805725,0.0,-3736.799942997903,31.12365875888404,-63.9636217722268,-7.834305703003919,0.4432486315883079,28024523.33333333
ORIZON VALORIZAÇÃO DE RESÍDUOS S.A.,"Saneamento, Serv. Água e Gás",ORVR3,,,16.2,8898601744.8,120.31315736188851,1.6941843685601357,0.0,1.4081455475931186,46.20056362701601,7.041719824056972,16.25582612872769,2.382911090680015,2419763.333333333
OSX BRASIL S.A. - EM RECUPERAÇÃO JUDICIAL,Emp. Adm. Part. - Sem Setor Principal,OSXB3,,,1.24,3903567.12,-0.00352678960602,-0.000372263691482,0.0,10.555313275466483,100.0,-1339.0836720867208,28.30997066082988,0.0603764024037814,2083.333333333333
OUROFINO S.A.,Comércio (Atacado e Varejo),OFSA3,,,25.59,1375913037.54,6.189136109054433,1.6638285925006893,5.629296600234467,26.883050609705958,51.67519461351584,18.147955251952663,19.53567162897447,3.612526518489507,4276.666666666667
PADTEC HOLDING S.A.,Emp. Adm. Part. - Telecomunicações,PDTC3,,,1.61,127946097.86,18380.419172532685,0.90910193947662,2.870869565217391,0.0049460348588522,35.83812454172291,2.385096657918,-2.3112274441941527,3.0119018332046723,30473.33333333333
PANATLANTICA SA,Metalurgia e Siderurgia,PATI3,PATI4,,28.4,670516446.4,13.446365186700357,0.8612684630620586,47.22803873239436,6.405213982392278,10.953835304610248,2.585699989110877,-8.588560120394838,2.03468287567643,1590.0
PARANAPANEMA S.A. - EM RECUPERAÇÃO JUDICIAL,Metalurgia e Siderurgia,PMAM3,,,0.42,154473275.04,-0.1160153474979158,-0.0197757585142648,261.4211904761905,17.045812421171327,-41.46025762977055,-236.7366895730173,22.28815070250432,0.0361596514302211,20574570.0
PBG S/A,"Construção Civil, Mat. Constr. e Decoração",PTBL3,,,1.64,231218493.04,-0.7925987516882511,-2.224902023998537,31.596341463414635,280.70975626184776,35.756373007212176,-11.19360834457598,8.237457668931803,0.8342971074397217,562163.3333333334
PDG REALTY S.A. EMPREEND E PARTICIPACOES,"Emp. Adm. Part. - Const. Civil, Mat. Const. e Decoração",PDGR3,,,1.14,3747734.04,-0.0112295357749618,-0.0011096039782776,14785747368.421057,9.8811206492769,42.80765055239798,-266.41148860080466,4.432495519153012,0.2339544223568712,56290.0
PETRORECÔNCAVO S.A.,Emp. Adm. Part. - Petróleo e Gás,RECV3,,,10.89,3196020352.1400003,5.006673985732011,0.7208787700163257,15.660716253443525,14.39835651513723,32.34840032442269,20.216309239047646,-3.2759451980270526,2.9141698574735764,2045806.6666666667
PETRÓLEO BRASILEIRO S.A. - PETROBRAS,Petróleo e Gás,PETR3,PETR4,,48.72,667308464126.7,6.033257665808056,1.3848768799816955,15.042475369458131,22.9540483216908,47.63309744366887,22.22997131940774,1.3691122570182346,0.8544372891074697,54924400.0
PLANO & PLANO DESENVOLVIMENTO IMOBILIÁRIO S.A.,"Construção Civil, Mat. Constr. e Decoração",PLPL3,,,6.68,1356372530.4,3.208830211497516,1.1133385239839677,22.43776946107785,34.69608706608345,31.08525532596298,12.880491768460743,26.736340545694624,3.005156582771342,2071256.6666666667
POSITIVO TECNOLOGIA S.A.,Comunicação e Informática,POSI3,,,3.59,497109963.78,40.63347750367827,0.3184924121904996,12.6274930362117,0.7838177575662054,25.129437616285205,0.3646608630128248,-9.04009027401591,1.8208170171100344,760320.0
PRINER SERVIÇOS INDUSTRIAIS S.A.,"Construção Civil, Mat. Constr. e Decoração",PRNR3,,,18.79,1071164461.24,127.45888401237508,1.9361344733384065,0.6568813198509845,1.5190266950324356,19.84800684052358,0.5374697097701939,42.07224716354878,1.849185129138116,534746.6666666666
PRIO S.A.,Petróleo e Gás,PRIO3,,,61.63,49149216316.630005,21.829746720546808,1.742009191952165,0.1178711666396235,7.979978944568029,19.98790422973365,14.447412596028226,8.518463610255056,1.3358973520904118,7826410.0
PROFARMA DISTRIB PROD FARMACEUTICOS S.A.,Comércio (Atacado e Varejo),PFRM3,,,7.19,881570019.87,6.995865663622007,0.5232062069168124,12.931474269819192,7.478791504494528,15.28693759873459,1.100500143181258,12.772761013482569,1.3730058902269335,112353.33333333331
RAIA DROGASIL S.A.,Comércio (Atacado e Varejo),RADL3,,,17.67,30896635307.790005,23.762200840758236,4.237768154818826,2.4886304470854554,17.834072623230984,29.29888462826671,2.938372444537229,13.83770617471578,1.4060902802799289,9093696.666666666
RANDONCORP S.A.,"Máquinas, Equipamentos, Veículos e Peças",RAPT3,RAPT4,,4.75,2103005792.15,-35.17261447625897,0.459833308621643,17.236673684210526,-1.307361751376271,25.08820866898684,-0.4549173698531247,10.301709310398731,2.118188373457506,2867690.0
RAÍZEN S.A.,Comércio (Atacado e Varejo),,RAIZ4,,0.29,393010030.87,-0.094090170286891,-0.0370651201383804,66.78724137931034,39.39319062274508,4.636997958235764,-1.6362973702970751,15.792037004105875,0.3568595782421196,14867583.333333334
RECRUSUL SA,"Máquinas, Equipamentos, Veículos e Peças",RCSL3,RCSL4,,0.3,47144408.64,-2.778921817860301,-3.1593894008846,0.0,113.69119420989144,15.492063492063494,-1077.142857142857,-92.06708975521305,1.2121586695134283,5867596.666666667
REDE D'OR SÃO LUIZ S.A.,Serviços Médicos,RDOR3,,,37.47,81408399225.03,16.807336001383675,3.5490558490963746,11.22958099813184,21.11611173123567,21.854273309271253,8.691877873845698,10.192727842004976,2.905268675557843,6884576.666666667
REDE ENERGIA PARTICIPAÇÕES S.A.,Energia Elétrica,REDE3,,,5.38,13816938805.82,8.234666571599362,1.990596139263685,8.448754646840149,24.173366607569456,25.95744781791754,8.652510108653294,8.426608198153595,1.7300157177013966,1573.3333333333333
RENOVA ENERGIA S.A.,Energia Elétrica,RNEW3,RNEW4,,0.79,300976076.94,-1.855231595317788,0.2616543930917749,87.55189873417721,-14.10359729492185,-4.721938488187386,-31.503734285126168,98.6521413747078,0.8239335756850654,130073.33333333334
REVEE S.A.,Emp. Adm. Part. - Brinquedos e Lazer,RVEE3,,,0.7,84080500.0,6.982270386978907,2.301494539183752,0.0,32.96197958010566,-421.0758377425044,1061.904761904762,inf,0.4076001571091909,1286.6666666666667
RIO PARANAPANEMA ENERGIA SA,Energia Elétrica,GEPA3,GEPA4,,36.35,3333494889.9000006,inf,2.421352160298335,35.21743053645117,0.0,,,,0.5225764350279852,323.33333333333337
ROMI S.A.,"Máquinas, Equipamentos, Veículos e Peças",ROMI3,,,6.43,599087903.2099999,6.952395302425437,0.4789220504529106,9.33125972006221,6.888590616903388,27.919171606196368,6.495004190811571,8.745904750039134,2.185938692917323,201666.66666666663
RUMO S.A.,Emp. Adm. Part. - Serviços Transporte e Logística,RAIL3,,,15.76,29248391928.32,33.80828426911718,1.991489568911064,5.830203045685279,5.8905372217608445,45.39087720656372,6.247393083192565,-0.6358390254462609,1.3087677722019286,11348953.333333334
SANSUY SA INDÚSTRIA  DE PLASTICOS,Petroquímicos e Borracha,SNSY3,,,9.13,24266809.6,-0.085385179659681,-0.0099679028299503,0.0,11.67404328207698,19.50161592107501,-29.12182835782661,3.2909972269850263,0.5760108892404612,0.0
SAO CARLOS EMPREEND E PARTICIPACOES S.A.,Emp. Adm. Part. - Sem Setor Principal,SCAR3,,,12.35,708948032.65,-14.634986843028775,0.7287001797215318,71.62561943319837,-4.979165253357508,48.82449662974562,-16.156542562594012,-41.08153464023518,2.126553179981069,12753.333333333334
SCHULZ SA,Metalurgia e Siderurgia,SHUL3,SHUL4,,4.39,5161124176.44,17.86622695011008,3.293879744971385,17.931503416856494,18.436347831969584,23.52021596151149,14.899239967321073,-0.3608638943905284,2.402908396236304,537096.6666666666
SENDAS DISTRIBUIDORA S.A.,Comércio (Atacado e Varejo),ASAI3,,,10.2,13623803553.0,27.412079583501004,2.146833210368736,2.07443137254902,7.831705011030571,16.869106290504092,0.642891329375089,4.7250707812351855,1.122866449511401,11991830.0
SEQUOIA LOGÍSTICA E TRANSPORTES S.A.,Serviços Transporte e Logística,SEQL3,,,0.07,445934207.04,-2.2819038134908047,-1.7648179794206111,0.0,77.33971822067437,6.820726968535809,-32.95880781477683,-22.897833074994534,0.3432776185501656,1743643.3333333333
SER EDUCACIONAL S.A.,Educação,SEER3,,,12.95,1658124086.5,7.7324893511350705,1.0882185767586243,6.819451737451737,14.073327842331684,59.17074924735996,9.674396613446868,11.869509436476267,1.6386251804893022,1374826.6666666667
SIMPAR S.A.,Serviços Transporte e Logística,SIMH3,,,8.33,4862714894.03,22.591009960650407,0.4948840555994075,2.0564585834333733,2.1906238652517493,26.172208358340963,0.4945050211499969,6.004139843894607,1.2849440197395203,3443943.333333333
SLC AGRICOLA SA,"Agricultura (Açúcar, Álcool e Cana)",SLCE3,,,16.86,8361890742.3,14.794229330004796,1.371543293784082,7.655925266903915,9.270799196024344,30.01193538741952,5.79158321561552,25.05997531660597,2.1999490088597105,3451023.333333333
SMARTFIT ESCOLA DE GINÁSTICA E DANÇA S.A.,Brinquedos e Lazer,SMFT3,,,16.83,10301288526.54,16.082344616429417,1.6908191349439734,6.55929292929293,10.51351140191751,42.4895197173479,8.845085141680938,29.772392328446617,1.200245271848201,8439603.333333334
SONDOTECNICA ENGENHARIA SOLOS S.A.,"Construção Civil, Mat. Constr. e Decoração",SOND3,,,38.66,33092960.0,0.9261435128176424,0.4844313673824894,38.68734868080704,52.306296019791255,37.937796464945365,15.781430804971336,14.38487653073597,1.5617889844617092,0.0
SUZANO S.A.,Papel e Celulose,SUZB3,,,44.69,55038448666.18,4.095827553222515,1.1040477079638489,2.5087021705079438,26.9554246026595,32.37744219728121,26.81333919470591,5.721960348652644,3.378056806885281,6964006.666666667
SYN PROP & TECH S.A.,"Emp. Adm. Part. - Const. Civil, Mat. Const. e Decoração",SYNE3,,,3.58,546467113.1,7.299172039750491,0.3715658605956018,84.9090502793296,5.09052065867327,53.09842004229905,22.84850168005933,-75.86678774996446,1.4473780509201009,393823.3333333333
SÃO MARTINHO SA,"Agricultura (Açúcar, Álcool e Cana)",SMTO3,,,17.42,5622710729.22,10.099510767713673,0.7623403642121697,3.863978185993111,7.548290028554999,24.92730417085426,7.773364382241134,3.9220295373967984,3.1623912904201474,2133533.333333333
SÃO PAULO TURISMO S.A.,Emp. Adm. Part. - Hospedagem e Turismo,AHEB3,,,23.01,193456528.98,4.933479432331115,0.64041488671875,0.0,12.98099841101695,13.58204426140081,6.878110129044593,-21.51106681113111,3.8323550093246506,6.666666666666667
TAURUS ARMAS S.A.,"Máquinas, Equipamentos, Veículos e Peças",TASA3,TASA4,,7.62,1079725695.24,61.094646932609066,0.8405641737140188,4.917795275590551,1.3758393180358497,34.328437782162894,1.2079733211029993,-12.533524165497878,1.7179570324226483,987756.6666666666
TECHNOS SA,Comércio (Atacado e Varejo),TECN3,,,9.88,581037731.5600001,8.129244233088494,1.1566070251053022,6.570698380566801,14.227731286477535,54.69323172171906,14.939708166204383,19.522084540821428,3.927723702185793,43430.0
TECNISA S/A,"Construção Civil, Mat. Constr. e Decoração",TCSA3,,,0.66,48588691.8,-0.485251238877071,0.1922233942050543,217.5628787878788,-39.61316918013071,-16.07353441565403,-46.67263294785563,-54.41412076680847,1.1450579002250152,86913.33333333333
TEGMA GESTÃO LOGÍSTICA SA,Serviços Transporte e Logística,tgma3,,,35.63,2349362816.36,9.669632068915844,2.363225497126142,13.97698568621948,24.43966306353067,19.28411074184381,10.917585291458543,6.4733387014281885,2.219251836969489,291856.6666666667
TELEC. BRASILEIRAS S.A. - TELEBRÁS,Telecomunicações,TELB3,TELB4,,8.15,1583344632.5,11.269035988299263,0.93631633655345,0.0,8.308752740923316,-35.02909315307866,28.61536142922024,18.51103628881408,10.60342060992969,9893.333333333332
TELEFÔNICA BRASIL S.A.,Telecomunicações,VIVT3,,,29.51,94302343447.52,15.265347962372743,1.4352770435549642,8.630311758725853,9.402190157032454,44.75145901501804,10.365874653913918,6.714923049220056,0.9507933540523582,5073136.666666667
TERRA SANTA PROPRIEDADES AGRÍCOLAS S.A.,"Agricultura (Açúcar, Álcool e Cana)",LAND3,,,9.26,890877514.5,187.7507933614331,1.363135971999082,1.7206479481641466,0.7260347333792365,95.56609439393624,4.91333071012902,41.33056254756191,0.9940489053642968,34380.0
TIM S.A.,Telecomunicações,TIMS3,,,18.48,43894902577.68,inf,1.7547167417450178,9.046996753246752,0.0,,,,0.8488635421120656,6812506.666666667
TOTVS S.A,Comunicação e Informática,TOTS3,,,33.98,19262061962.32,20.920151315265297,3.529201097548329,2.4426133019423197,16.86986410549093,70.26393712814242,15.952238677710348,10.487351950332368,1.8403697160896653,4355183.333333333
TPI - TRIUNFO PARTICIPACOES E INVESTIMENTOS S.A.,Emp. Adm. Part. - Serviços Transporte e Logística,TPIS3,,,10.51,455888591.5,-1.1322036465369945,0.9686073111604032,5.222521408182684,-85.55062634915778,28.903813864236028,-38.17523846724885,-20.26643948075824,0.215909474181254,23616.666666666668
TRACK & FIELD CO S.A,Têxtil e Vestuário,,TFCO4,,13.1,838824662.6999999,5.89401665776641,1.3624847930182016,3.091244274809161,23.116405536840254,57.456961793080254,13.599270720259298,25.819137514592573,3.1663155652886514,736636.6666666666
TRANSMISSORA ALIANÇA DE ENERGIA ELÉTRICA S.A.,Emp. Adm. Part. - Energia Elétrica,TAEE3,TAEE4,TAEE11,13.55,13873923474.37,8.781725677713828,1.7190025510577178,19.06828044280443,19.574769403469123,55.06547958494959,34.16575243727824,24.36636294833596,3.479052549699104,274146.6666666666
TRISUL S/A,"Emp. Adm. Part. - Const. Civil, Mat. Const. e Decoração",TRIS3,,,4.87,1137227721.82,5.336717059621296,0.7431340659198478,22.33501026694045,13.92492908313528,29.343622061865844,15.457392883774506,2.368912314155991,3.788263234936796,288043.3333333333
TRONOX PIGMENTOS DO BRASIL S.A.,Petroquímicos e Borracha,CRPG3,,,17.0,172692766.0,-2.5915447274036945,0.333259550013219,27.342852941176467,-12.859494435470952,-1.7455642192117975,-8.402135428750114,19.993161368997093,1.5937916177514877,0.0
TRÊS TENTOS AGROINDUSTRIAL S.A.,"Agricultura (Açúcar, Álcool e Cana)",TTEN3,,,10.04,5019602887.879999,6.207010133411813,1.0025785259611482,3.713655378486056,16.152358452974845,15.126749195400254,4.923977516872879,28.05229408820724,1.356670216496318,1779120.0
TUPY SA,Metalurgia e Siderurgia,TUPY3,,,15.99,2097079897.38,-3.2038400270413963,0.9125447703777584,11.264365228267668,-28.482844420308112,12.618978250992372,-6.752868167661685,-9.115349021247788,2.1563245226262846,447293.3333333333
TÊXTIL RENAUXVIEW S/A,Têxtil e Vestuário,TRXR3,TXRX4,,1.96,5493246.92,-0.0962174546346248,-0.012480822747566,0.0,12.9714746611835,21.1941560739034,-49.26778332945004,-1.5320689303558677,0.3656274574465386,1576.6666666666667
ULTRAPAR PARTICIPAÇÕES SA,Emp. Adm. Part. - Petróleo e Gás,UGPA3,,,37.34,39790251770.84,15.653694693450747,1.9868915805135656,5.356186395286555,12.692796297763806,6.573625931501921,1.7854296642385723,6.644718522914106,1.6435863576837286,10288036.666666666
UNICASA INDÚSTRIA DE MÓVEIS S.A.,"Construção Civil, Mat. Constr. e Decoração",UCAS3,,,1.18,77981909.52,-6.752265089618148,0.4648975171098128,32.41525423728814,-6.885060212233219,31.071569062345684,-4.83306689878556,5.472746613464929,0.9619026800157392,11186.666666666666
UNIFIQUE TELECOMUNICAÇÕES S.A.,Emp. Adm. Part. - Telecomunicações,FIQE3,,,4.92,1916062974.48,9.16965200725508,1.576994881914455,16.994634146341465,17.197979603443265,51.67656336982742,17.62487558831964,15.623588936383516,1.9887328294668776,767850.0
UNIPAR CARBOCLORO S.A.,Petroquímicos e Borracha,UNIP3,,,54.76,2134839573.08,4.431481394848716,1.0616513041787448,20.711439006574142,23.95702948031869,28.487795070115247,9.367574391231337,-5.319299160339341,2.3862547223428088,4850.0
UNIÃO PET PARTICIPAÇÕES S.A.,Comércio (Atacado e Varejo),AUAU3,,,4.19,3593680984.9400005,32.86732990918154,1.1279831462161032,0.7226014319809069,3.4319281466822145,45.16605121973961,3.627945991089651,10.075944318456996,1.2640309058983252,4401033.333333333
USINAS SID DE MINAS GERAIS S.A.-USIMINAS,Metalurgia e Siderurgia,USIM3,,,6.55,4602907883.4,-1.5817368056180785,0.194666532829161,8.491664122137406,-12.307138086294527,8.315468835967858,-11.080166543237846,1.5216623832291942,4.441987577047874,1058576.6666666667
VALE S.A.,Extração Mineral,VALE3,,,71.16,302840080492.2,25.64051142936246,1.503174616647888,10.55070264193367,5.862498572967285,34.97647416840282,5.529623820782321,3.684376592801142,1.191752604200618,19576466.666666668
VALID SOLUÇÕES S.A.,Comunicação e Informática,VLID3,,,17.33,1354392824.4099998,5.04040767233455,0.7859717598862122,10.76870744373918,15.593416465104616,33.68231661287437,13.02782024112718,-5.009846436124354,2.2962683735253324,198406.66666666663
"VAMOS LOCAÇÃO DE CAMINHÕES, MÁQUINAS E EQUIPAMENTOS S.A.",Serviços Transporte e Logística,VAMO3,,,3.85,4703701055.900001,14.309925269392949,1.4260238164447612,3.639350649350649,9.965277872518588,52.4279533096861,5.710883379849443,22.479886417416004,1.6711969922558134,17833123.333333332
VESTE SA ESTILO,Emp. Adm. Part. - Comércio (Atacado e Varejo),VSTE3,,,2.58,295411315.8,12.1025570814044,0.2712599568057563,2.0189922480620157,2.2413441637267524,63.66637745867413,1.982943227496206,10.741078938963875,1.4801596419817926,71946.66666666667
VIBRA ENERGIA S/A,Comércio (Atacado e Varejo),VBBR3,,,38.06,45527868683.0,23.005492007579587,1.9254755205328824,5.195562270099843,8.369634172129414,4.8753140288245405,1.0466746000264446,9.753761493452217,2.0085561497326205,10758106.666666666
VITRU EDUCAÇÃO S.A.,Educação,VTRU3,,,14.98,2236655366.26,6.04679585677943,0.5571614034808897,0.1676702269692923,9.214159311434704,65.63739720363795,16.373538231083653,5.475231451544005,2.5608844589562927,639643.3333333334
VITTIA S.A.,"Agricultura (Açúcar, Álcool e Cana)",VITT3,,,3.12,486204707.04,7.34992225423652,0.8047495105508559,8.23278846153846,10.949088748346902,29.71293307300273,8.06736237214674,4.2414434433950765,2.171233946442087,197480.0
VIVARA PARTICIPAÇÕES S.A.,Comércio (Atacado e Varejo),VIVA3,,,22.26,5234106257.52,8.448889130954173,1.6437299220676045,6.099829290206649,19.454982739038147,69.55401784109989,20.46871322976181,17.440759263254414,4.188939091006054,2663570.0
VIVER INCORPORADORA E CONSTRUTORA S.A,"Construção Civil, Mat. Constr. e Decoração",VIVR3,,VIVR11,1.53,7466461.2,-0.4254636275571257,0.172101724137931,0.0,-40.45039645952425,23.541471211647384,-60.97849126098892,-74.46995369302556,0.800414364640884,7330.0
VULCABRAS S.A.,Têxtil e Vestuário,VULC3,,,13.4,4209113141.4,3.611999119035728,1.5869337077677357,39.726522388059706,43.93505245902134,41.036691704910304,32.73090062683149,16.78517000385098,2.95765042598058,2400956.6666666665
WEG SA,"Emp. Adm. Part. - Máqs., Equip., Veíc. e Peças",WEGE3,,,50.12,210294984112.92,31.035461570588247,10.41508001443189,4.216841580207502,33.558643845987056,33.53003655759187,16.60606737899687,7.416151250504743,1.5880624599683668,7323870.0
WESTWING COMÉRCIO VAREJISTA S.A.,Comércio (Atacado e Varejo),WEST3,,,3.25,36141595.75,-3.6458787198628064,0.2424975727829628,166.01369230769228,-6.651279195378391,39.52319126667639,-6.566553172321512,-10.001848109264987,1.457411684047198,13630.0
WETZEL S.A.,Metalurgia e Siderurgia,MWET3,MWET4,,30.98,59311646.46,-2.0754302771362587,-1.783916219321463,0.0,85.95404234841193,14.232059971350624,-14.46540562155486,-29.386765983150987,0.5348640542799548,810.0
WHIRLPOOL S.A,"Máquinas, Equipamentos, Veículos e Peças",WHRL3,WHRL4,,3.6,5255724487.8,11.65907505102222,2.6620469194156766,42.24783333333333,22.83240229405916,18.876570522697307,3.588524307104838,-2.8599348977524808,0.8980720694945514,15090.0
WLM PART. E COMÉRCIO DE MÁQUINAS E VEÍCULOS S.A.,"Emp. Adm. Part. - Máqs., Equip., Veíc. e Peças",WLMM3,WLMM4,,15.79,589238888.5,6.781278926713622,0.7284194495678231,28.05446485117163,10.741623481941533,12.758624811248213,2.8849640026933234,-3.580641423011244,2.1339181532836045,4573.333333333334
YDUQS PARTICIPACOES S.A.,Emp. Adm. Part. - Educação,YDUQ3,,,10.86,2763386176.14,15.33706397675619,0.940112415383846,10.495395948434624,6.129676558750856,60.50101960613864,3.263047517630312,3.175669426182104,1.6103707486793175,6100373.333333333
